N,Estimated_Volume,Exact_Volume,Relative_Error,Runtime
100000,116.9510400000,115.3279534638,1.407366e-02,0.0433
200000,117.1712000000,115.3279534638,1.598265e-02,0.0790
400000,116.0268800000,115.3279534638,6.060339e-03,0.1571
800000,115.8476800000,115.3279534638,4.506510e-03,0.3089
1600000,115.7196800000,115.3279534638,3.396631e-03,0.6180
3200000,115.4262400000,115.3279534638,8.522352e-04,1.5005
6400000,115.4003200000,115.3279534638,6.274848e-04,2.6565
